日期,NTD/USD
20080102,32.443
20080103,32.431
20080104,32.439
20080107,32.466
20080108,32.457
20080109,32.466
20080110,32.487
20080111,32.466
20080114,32.37
20080115,32.26
20080116,32.272
20080117,32.278
20080118,32.315
20080121,32.348
20080122,32.439
20080123,32.405
20080124,32.352
20080125,32.3
20080128,32.345
20080129,32.314
20080130,32.248
20080131,32.198
20080201,32.178
20080204,32.07
20080205,32.01
20080212,31.884
20080213,31.688
20080214,31.7
20080215,31.74
20080218,31.746
20080219,31.698
20080220,31.648
20080221,31.521
20080222,31.495
20080225,31.388
20080226,31.21
20080227,30.929
20080229,30.95
20080303,31.102
20080304,30.95
20080305,30.879
20080306,30.748
20080307,30.75
20080310,30.658
20080311,30.624
20080312,30.69
20080313,30.686
20080314,30.744
20080317,30.85
20080318,30.747
20080319,30.72
20080320,30.692
20080321,30.55
20080324,30.229
20080325,30.1
20080326,30.01
20080327,30.18
20080328,30.402
20080331,30.405
20080401,30.318
20080402,30.38
20080403,30.43
20080407,30.418
20080408,30.524
20080409,30.465
20080410,30.308
20080411,30.319
20080414,30.325
20080415,30.266
20080416,30.255
20080417,30.275
20080418,30.284
20080421,30.288
20080422,30.288
20080423,30.293
20080424,30.297
20080425,30.34
20080428,30.412
20080429,30.408
20080430,30.449
20080502,30.455
20080505,30.498
20080506,30.49
20080507,30.521
20080508,30.824
20080509,30.653
20080512,30.85
20080513,30.873
20080514,31.002
20080515,30.88
20080516,30.66
20080519,30.548
20080520,30.584
20080521,30.499
20080522,30.38
20080523,30.5
20080526,30.507
20080527,30.54
20080528,30.512
20080529,30.456
20080530,30.413
20080602,30.219
20080603,30.29
20080604,30.35
20080605,30.392
20080606,30.335
20080609,30.299
20080610,30.36
20080611,30.375
20080612,30.451
20080613,30.451
20080616,30.389
20080617,30.317
20080618,30.353
20080619,30.38
20080620,30.382
20080623,30.401
20080624,30.437
20080625,30.38
20080626,30.383
20080627,30.388
20080630,30.354
20080701,30.36
20080702,30.372
20080703,30.39
20080704,30.401
20080707,30.399
20080708,30.397
20080709,30.399
20080710,30.418
20080711,30.392
20080714,30.404
20080715,30.39
20080716,30.382
20080717,30.359
20080718,30.36
20080721,30.363
20080722,30.381
20080723,30.394
20080724,30.418
20080725,30.407
20080729,30.465
20080730,30.51
20080731,30.59
20080801,30.645
20080804,30.666
20080805,30.721
20080806,30.738
20080807,30.87
20080808,31.09
20080811,31.166
20080812,31.189
20080813,31.15
20080814,31.24
20080815,31.33
20080818,31.307
20080819,31.389
20080820,31.39
20080821,31.389
20080822,31.37
20080825,31.43
20080826,31.489
20080827,31.481
20080828,31.479
20080829,31.52
20080901,31.593
20080902,31.75
20080903,31.835
20080904,31.761
20080905,31.875
20080908,31.799
20080909,31.872
20080910,31.863
20080911,32.04
20080912,32.041
20080915,32.039
20080916,32.07
20080917,32.082
20080918,32.218
20080919,32.158
20080922,32.03
20080923,31.937
20080924,31.961
20080925,31.998
20080926,32.045
20080930,32.13
20081001,32.029
20081002,32.16
20081003,32.187
20081006,32.343
20081007,32.35
20081008,32.448
20081009,32.437
20081013,32.388
20081014,32.388
20081015,32.4
20081016,32.537
20081017,32.55
20081020,32.58
20081021,32.697
20081022,32.99
20081023,33.296
20081024,33.412
20081027,33.497
20081028,33.438
20081029,33.295
20081030,32.799
20081031,33
20081103,32.898
20081104,32.869
20081105,32.83
20081106,32.819
20081107,32.824
20081110,32.823
20081111,32.874
20081112,32.994
20081113,33.177
20081114,33.079
20081117,33.17
20081118,33.234
20081119,33.265
20081120,33.405
20081121,33.388
20081124,33.421
20081125,33.352
20081126,33.306
20081127,33.302
20081128,33.295
20081201,33.35
20081202,33.489
20081203,33.528
20081204,33.55
20081205,33.549
20081208,33.517
20081209,33.546
20081210,33.449
20081211,33.309
20081212,33.315
20081215,33.199
20081216,33.03
20081217,32.72
20081218,32.471
20081219,32.53
20081222,32.93
20081223,33.085
20081224,33.045
20081225,33.03
20081226,33.025
20081229,33
20081230,32.865
20081231,32.86
20090105,33.005
20090106,33.054
20090107,32.98
20090108,33.115
20090109,33.155
20090110,33.16
20090112,33.235
20090113,33.265
20090114,33.258
20090115,33.379
20090116,33.36
20090117,33.501
20090119,33.535
20090120,33.639
20090121,33.634
20090122,33.55
20090123,33.801
20090202,33.749
20090203,33.72
20090204,33.67
20090205,33.705
20090206,33.75
20090209,33.961
20090210,33.967
20090211,34.001
20090212,34.025
20090213,34.05
20090216,34.28
20090217,34.62
20090218,34.65
20090219,34.675
20090220,34.808
20090223,34.628
20090224,34.797
20090225,34.747
20090226,34.85
20090227,34.95
20090302,35.174
20090303,35.095
20090304,35.067
20090305,34.945
20090306,34.78
20090309,34.815
20090310,34.6
20090311,34.515
20090312,34.494
20090313,34.495
20090316,34.416
20090317,34.278
20090318,34.156
20090319,33.924
20090320,33.8
20090323,33.785
20090324,33.788
20090325,33.888
20090326,33.82
20090327,33.779
20090330,34.015
20090331,33.917
20090401,33.835
20090402,33.58
20090403,33.38
20090406,33.25
20090407,33.569
20090408,33.9
20090409,33.777
20090410,33.795
20090413,33.697
20090414,33.62
20090415,33.79
20090416,33.8
20090417,33.816
20090420,33.83
20090421,33.86
20090422,33.86
20090423,33.82
20090424,33.711
20090427,33.73
20090428,33.795
20090429,33.658
20090430,33.233
20090504,33.192
20090505,33.133
20090506,33.18
20090507,33.132
20090508,33.04
20090511,32.889
20090512,32.893
20090513,32.89
20090514,32.955
20090515,32.95
20090518,32.994
20090519,32.882
20090520,32.855
20090521,32.738
20090522,32.679
20090525,32.626
20090526,32.66
20090527,32.65
20090601,32.375
20090602,32.534
20090603,32.505
20090604,32.597
20090605,32.607
20090606,32.72
20090608,32.875
20090609,32.853
20090610,32.715
20090611,32.798
20090612,32.8
20090615,32.94
20090616,32.885
20090617,32.889
20090618,32.904
20090619,32.878
20090622,32.898
20090623,32.925
20090624,32.862
20090625,32.97
20090626,32.925
20090629,32.943
20090630,32.818
20090701,32.785
20090702,32.947
20090703,32.89
20090706,32.988
20090707,32.989
20090708,33.036
20090709,32.97
20090710,33.05
20090713,33.193
20090714,33.09
20090715,32.975
20090716,32.959
20090717,32.955
20090720,32.794
20090721,32.799
20090722,32.875
20090723,32.802
20090724,32.955
20090727,32.82
20090728,32.743
20090729,32.871
20090730,32.857
20090731,32.818
20090803,32.768
20090804,32.674
20090805,32.72
20090806,32.792
20090810,32.818
20090811,32.855
20090812,32.95
20090813,32.898
20090814,32.895
20090817,32.985
20090818,32.964
20090819,33.01
20090820,32.966
20090821,32.906
20090824,32.863
20090825,32.92
20090826,32.924
20090827,32.916
20090828,32.925
20090831,32.923
20090901,32.857
20090902,32.918
20090903,32.907
20090904,32.905
20090907,32.865
20090908,32.76
20090909,32.745
20090910,32.649
20090911,32.628
20090914,32.668
20090915,32.637
20090916,32.492
20090917,32.41
20090918,32.458
20090921,32.419
20090922,32.386
20090923,32.369
20090924,32.395
20090925,32.428
20090928,32.475
20090929,32.376
20090930,32.2
20091001,32.319
20091002,32.35
20091005,32.255
20091006,32.18
20091007,32.18
20091008,32.143
20091009,32.24
20091012,32.29
20091013,32.302
20091014,32.242
20091015,32.218
20091016,32.3
20091019,32.325
20091020,32.275
20091021,32.359
20091022,32.403
20091023,32.398
20091026,32.394
20091027,32.48
20091028,32.496
20091029,32.58
20091030,32.535
20091102,32.553
20091103,32.575
20091104,32.558
20091105,32.536
20091106,32.509
20091109,32.365
20091110,32.349
20091111,32.31
20091112,32.33
20091113,32.339
20091116,32.198
20091117,32.12
20091118,32.128
20091119,32.29
20091120,32.35
20091123,32.267
20091124,32.288
20091125,32.236
20091126,32.244
20091127,32.345
20091130,32.185
20091201,32.199
20091202,32.17
20091203,32.15
20091204,32.17
20091207,32.28
20091208,32.35
20091209,32.349
20091210,32.308
20091211,32.278
20091214,32.31
20091215,32.281
20091216,32.328
20091217,32.348
20091218,32.38
20091221,32.384
20091222,32.355
20091223,32.36
20091224,32.3
20091225,32.274
20091228,32.294
20091229,32.29
20091230,32.238
20091231,32.03
20100104,31.898
20100105,31.86
20100106,31.875
20100107,31.877
20100108,31.88
20100111,31.78
20100112,31.79
20100113,31.809
20100114,31.755
20100115,31.828
20100118,31.79
20100119,31.8
20100120,31.99
20100121,31.919
20100122,31.98
20100125,31.97
20100126,32.055
20100127,32.08
20100128,31.999
20100129,31.99
20100201,32.101
20100202,32.06
20100203,32
20100204,32.02
20100205,32.187
20100206,32.184
20100208,32.195
20100209,32.1
20100210,32.066
20100211,32.045
20100212,32.1
20100222,32.099
20100223,32.05
20100224,32.09
20100225,32.12
20100226,32.085
20100301,32.048
20100302,32.039
20100303,32.004
20100304,31.988
20100305,32.02
20100308,31.89
20100309,31.85
20100310,31.847
20100311,31.847
20100312,31.84
20100315,31.82
20100316,31.82
20100317,31.747
20100318,31.825
20100319,31.799
20100322,31.886
20100323,31.85
20100324,31.845
20100325,31.88
20100326,31.88
20100329,31.815
20100330,31.81
20100331,31.819
20100401,31.788
20100402,31.759
20100406,31.695
20100407,31.628
20100408,31.701
20100409,31.615
20100412,31.56
20100413,31.58
20100414,31.46
20100415,31.375
20100416,31.39
20100419,31.492
20100420,31.447
20100421,31.388
20100422,31.398
20100423,31.46
20100426,31.359
20100427,31.412
20100428,31.539
20100429,31.45
20100430,31.418
20100503,31.519
20100504,31.46
20100505,31.6
20100506,31.749
20100507,31.85
20100510,31.6
20100511,31.829
20100512,31.893
20100513,31.778
20100514,31.848
20100517,32.1
20100518,31.978
20100519,32.098
20100520,32.175
20100521,32.25
20100524,32.175
20100525,32.385
20100526,32.345
20100527,32.187
20100528,32.175
20100531,32.225
20100601,32.418
20100602,32.315
20100603,32.275
20100604,32.35
20100607,32.528
20100608,32.51
20100609,32.52
20100610,32.49
20100611,32.439
20100614,32.351
20100615,32.338
20100617,32.31
20100618,32.19
20100621,31.999
20100622,32.094
20100623,32.189
20100624,32.216
20100625,32.18
20100628,32.175
20100629,32.279
20100630,32.278
20100701,32.297
20100702,32.278
20100705,32.22
20100706,32.2
20100707,32.22
20100708,32.185
20100709,32.125
20100712,32.25
20100713,32.3
20100714,32.192
20100715,32.187
20100716,32.143
20100719,32.155
20100720,32.155
20100721,32.15
20100722,32.19
20100723,32.152
20100726,32.12
20100727,32.09
20100728,32.07
20100729,32.068
20100730,32.05
20100802,31.868
20100803,31.85
20100804,31.87
20100805,31.85
20100806,31.819
20100809,31.782
20100810,31.855
20100811,31.88
20100812,31.99
20100813,31.96
20100816,32.01
20100817,31.97
20100818,31.966
20100819,31.93
20100820,31.935
20100823,31.968
20100824,32.08
20100825,32.055
20100826,32.037
20100827,32.03
20100830,32.06
20100831,32.102
20100901,32.075
20100902,32.04
20100903,32.018
20100906,31.948
20100907,32.016
20100908,31.979
20100909,31.939
20100910,31.91
20100913,31.85
20100914,31.815
20100915,31.798
20100916,31.8
20100917,31.739
20100920,31.752
20100921,31.765
20100923,31.6
20100924,31.62
20100927,31.47
20100928,31.5
20100929,31.38
20100930,31.33
20101001,31.31
20101004,31.25
20101005,31.252
20101006,31.132
20101007,31.042
20101008,31.095
20101011,30.998
20101012,31.07
20101013,30.96
20101014,30.77
20101015,30.793
20101018,30.885
20101019,30.9
20101020,30.93
20101021,30.869
20101022,30.91
20101025,30.73
20101026,30.76
20101027,30.9
20101028,30.824
20101029,30.782
20101101,30.695
20101102,30.709
20101103,30.65
20101104,30.59
20101105,30.56
20101108,30.636
20101109,30.63
20101110,30.6
20101111,30.532
20101112,30.762
20101115,30.732
20101116,30.732
20101117,30.793
20101118,30.733
20101119,30.673
20101122,30.628
20101123,30.799
20101124,30.8
20101125,30.8
20101126,30.83
20101129,30.8
20101130,30.85
20101201,30.852
20101202,30.788
20101203,30.745
20101206,30.625
20101207,30.63
20101208,30.706
20101209,30.555
20101210,30.585
20101213,30.6
20101214,30.45
20101215,30.5
20101216,30.545
20101217,30.51
20101220,30.601
20101221,30.6
20101222,30.605
20101223,30.485
20101224,30.485
20101227,30.425
20101228,30.396
20101229,30.367
20101230,30.217
20101231,30.368
20110103,30.2
20110104,30.201
20110105,30.211
20110106,30.101
20110107,29.8
20110110,29.8
20110111,29.7
20110112,29.6
20110113,29.605
20110114,29.6
20110117,29.5
20110118,29.45
20110119,29.45
20110120,29.46
20110121,29.42
20110124,29.32
20110125,29.29
20110126,29.3
20110127,29.31
20110128,29.28
20110131,29.3
20110201,29.2
20110208,29.16
20110209,29.1
20110210,29.12
20110211,29.23
20110214,29.329
20110215,29.469
20110216,29.47
20110217,29.432
20110218,29.408
20110221,29.366
20110222,29.557
20110223,29.572
20110224,29.76
20110225,29.754
20110301,29.66
20110302,29.665
20110303,29.542
20110304,29.462
20110307,29.426
20110308,29.437
20110309,29.395
20110310,29.506
20110311,29.599
20110314,29.509
20110315,29.559
20110316,29.556
20110317,29.574
20110318,29.6
20110321,29.572
20110322,29.542
20110323,29.585
20110324,29.583
20110325,29.488
20110328,29.499
20110329,29.477
20110330,29.51
20110331,29.418
20110401,29.32
20110406,29.15
20110407,29.05
20110408,28.991
20110411,28.992
20110412,29.112
20110413,29.089
20110414,29.041
20110415,29.05
20110418,29.089
20110419,29.125
20110420,29.025
20110421,28.926
20110422,28.93
20110425,28.93
20110426,28.939
20110427,28.9
20110428,28.76
20110429,28.762
20110503,28.702
20110504,28.67
20110505,28.632
20110506,28.778
20110509,28.75
20110510,28.725
20110511,28.65
20110512,28.793
20110513,28.788
20110516,28.888
20110517,28.865
20110518,28.85
20110519,28.852
20110520,28.78
20110523,29.009
20110524,28.93
20110525,29.009
20110526,28.945
20110527,28.888
20110530,28.83
20110531,28.772
20110601,28.7
20110602,28.785
20110603,28.75
20110607,28.735
20110608,28.72
20110609,28.78
20110610,28.835
20110613,28.892
20110614,28.85
20110615,28.86
20110616,29.005
20110617,29
20110620,29
20110621,28.949
20110622,28.879
20110623,28.936
20110624,28.962
20110627,29.01
20110628,28.962
20110629,28.92
20110630,28.802
20110701,28.78
20110704,28.752
20110705,28.801
20110706,28.851
20110707,28.86
20110708,28.795
20110711,28.866
20110712,28.998
20110713,28.9
20110714,28.839
20110715,28.897
20110718,28.96
20110719,28.92
20110720,28.87
20110721,28.89
20110722,28.83
20110725,28.859
20110726,28.829
20110727,28.802
20110728,28.845
20110729,28.89
20110801,28.838
20110802,28.88
20110803,28.938
20110804,28.952
20110805,29.025
20110808,29.025
20110809,29.05
20110810,29.01
20110811,29.06
20110812,29.009
20110815,28.952
20110816,28.948
20110817,28.962
20110818,28.99
20110819,29.076
20110822,29.02
20110823,28.99
20110824,29.025
20110825,29.041
20110826,29.06
20110829,29.039
20110830,29.035
20110831,29.02
20110901,28.96
20110902,29.025
20110905,29.071
20110906,29.112
20110907,29.115
20110908,29.15
20110909,29.221
20110913,29.487
20110914,29.625
20110915,29.635
20110916,29.584
20110919,29.78
20110920,29.888
20110921,29.95
20110922,30.372
20110923,30.388
20110926,30.572
20110927,30.456
20110928,30.41
20110929,30.44
20110930,30.506
20111003,30.587
20111004,30.68
20111005,30.632
20111006,30.612
20111007,30.493
20111011,30.348
20111012,30.4
20111013,30.329
20111014,30.3
20111017,30.1
20111018,30.201
20111019,30.1
20111020,30.269
20111021,30.299
20111024,30.133
20111025,30.125
20111026,30.125
20111027,30.063
20111028,29.869
20111031,29.93
20111101,30.086
20111102,30.118
20111103,30.22
20111104,30.025
20111107,30.108
20111108,30.106
20111109,30.066
20111110,30.262
20111111,30.188
20111114,30.165
20111115,30.21
20111116,30.23
20111117,30.21
20111118,30.257
20111121,30.26
20111122,30.309
20111123,30.395
20111124,30.442
20111125,30.46
20111128,30.452
20111129,30.412
20111130,30.345
20111201,30.146
20111202,30.16
20111205,30.182
20111206,30.225
20111207,30.168
20111208,30.179
20111209,30.239
20111212,30.23
20111213,30.26
20111214,30.29
20111215,30.37
20111216,30.369
20111219,30.398
20111220,30.353
20111221,30.285
20111222,30.325
20111223,30.296
20111226,30.308
20111227,30.312
20111228,30.31
20111229,30.29
20111230,30.29
20120102,30.315
20120103,30.294
20120104,30.29
20120105,30.266
20120106,30.245
20120109,30.205
20120110,30.051
20120111,29.999
20120112,30.002
20120113,30
20120116,30.07
20120117,29.995
20120118,29.978
20120119,29.941
20120120,29.99
20120130,29.786
20120131,29.62
20120201,29.695
20120202,29.55
20120203,29.545
20120204,29.525
20120206,29.6
20120207,29.57
20120208,29.53
20120209,29.495
20120210,29.56
20120213,29.535
20120214,29.595
20120215,29.535
20120216,29.635
20120217,29.583
20120220,29.554
20120221,29.568
20120222,29.582
20120223,29.596
20120224,29.582
20120229,29.42
20120301,29.487
20120302,29.461
20120303,29.464
20120305,29.518
20120306,29.538
20120307,29.565
20120308,29.527
20120309,29.504
20120312,29.562
20120313,29.528
20120314,29.56
20120315,29.57
20120316,29.562
20120319,29.532
20120320,29.558
20120321,29.576
20120322,29.574
20120323,29.585
20120326,29.622
20120327,29.584
20120328,29.57
20120329,29.582
20120330,29.53
20120402,29.506
20120403,29.48
20120405,29.519
20120406,29.562
20120409,29.568
20120410,29.57
20120411,29.562
20120412,29.55
20120413,29.528
20120416,29.564
20120417,29.542
20120418,29.546
20120419,29.532
20120420,29.521
20120423,29.524
20120424,29.526
20120425,29.514
20120426,29.412
20120427,29.332
20120430,29.232
20120502,29.24
20120503,29.266
20120504,29.28
20120507,29.382
20120508,29.37
20120509,29.4
20120510,29.395
20120511,29.41
20120514,29.502
20120515,29.514
20120516,29.635
20120517,29.56
20120518,29.63
20120521,29.578
20120522,29.546
20120523,29.586
20120524,29.645
20120525,29.65
20120528,29.65
20120529,29.645
20120530,29.762
20120531,29.86
20120601,29.931
20120604,30.05
20120605,30
20120606,29.935
20120607,29.906
20120608,29.976
20120611,29.92
20120612,29.991
20120613,29.98
20120614,29.954
20120615,29.931
20120618,29.886
20120619,29.89
20120620,29.878
20120621,29.902
20120622,29.968
20120625,29.995
20120626,29.99
20120627,29.96
20120628,29.956
20120629,29.9
20120702,29.905
20120703,29.886
20120704,29.866
20120705,29.89
20120706,29.922
20120709,29.975
20120710,29.985
20120711,29.974
20120712,30.013
20120713,30.015
20120716,30.01
20120717,29.988
20120718,30.002
20120719,29.984
20120720,29.995
20120723,30.095
20120724,30.116
20120725,30.206
20120726,30.15
20120727,30.1
20120730,30.08
20120731,30.01
20120801,29.988
20120803,30.002
20120806,29.96
20120807,29.955
20120808,29.987
20120809,29.94
20120810,29.99
20120813,30.005
20120814,29.965
20120815,30.002
20120816,30.02
20120817,30.025
20120820,30.03
20120821,29.975
20120822,30.01
20120823,29.96
20120824,30.002
20120827,29.98
20120828,30.007
20120829,29.981
20120830,29.986
20120831,29.966
20120903,29.92
20120904,29.902
20120905,29.905
20120906,29.902
20120907,29.842
20120910,29.74
20120911,29.715
20120912,29.669
20120913,29.699
20120914,29.469
20120917,29.399
20120918,29.46
20120919,29.405
20120920,29.508
20120921,29.45
20120924,29.479
20120925,29.451
20120926,29.497
20120927,29.42
20120928,29.342
20121001,29.402
20121002,29.385
20121003,29.405
20121004,29.388
20121005,29.368
20121008,29.402
20121009,29.399
20121011,29.432
20121012,29.36
20121015,29.345
20121016,29.289
20121017,29.246
20121018,29.269
20121019,29.286
20121022,29.32
20121023,29.328
20121024,29.342
20121025,29.28
20121026,29.3
20121029,29.292
20121030,29.278
20121031,29.26
20121101,29.29
20121102,29.3
20121105,29.305
20121106,29.275
20121107,29.2
20121108,29.202
20121109,29.15
20121112,29.09
20121113,29.129
20121114,29.125
20121115,29.142
20121116,29.272
20121119,29.202
20121120,29.145
20121121,29.179
20121122,29.185
20121123,29.171
20121126,29.143
20121127,29.129
20121128,29.175
20121129,29.147
20121130,29.116
20121203,29.121
20121204,29.116
20121205,29.102
20121206,29.136
20121207,29.125
20121210,29.15
20121211,29.122
20121212,29.108
20121213,29.101
20121214,29.102
20121217,29.1
20121218,29.1
20121219,29.102
20121220,29.12
20121221,29.122
20121222,29.12
20121224,29.128
20121225,29.13
20121226,29.128
20121227,29.126
20121228,29.136
20130102,29.09
20130103,29.091
20130104,29.125
20130107,29.125
20130108,29.127
20130109,29.11
20130110,29.088
20130111,29.039
20130114,29.058
20130115,29.056
20130116,29.099
20130117,29.085
20130118,29.06
20130121,29.07
20130122,29.095
20130123,29.092
20130124,29.138
20130125,29.25
20130128,29.56
20130129,29.559
20130130,29.57
20130131,29.582
20130201,29.668
20130204,29.58
20130205,29.585
20130206,29.622
20130207,29.63
20130208,29.75
20130218,29.709
20130219,29.686
20130220,29.6
20130221,29.68
20130222,29.658
20130223,29.658
20130225,29.702
20130226,29.74
20130227,29.705
20130301,29.666
20130304,29.77
20130305,29.72
20130306,29.67
20130307,29.695
20130308,29.718
20130311,29.74
20130312,29.73
20130313,29.735
20130314,29.8
20130315,29.762
20130318,29.815
20130319,29.801
20130320,29.845
20130321,29.853
20130322,29.909
20130325,29.889
20130326,29.891
20130327,29.941
20130328,29.94
20130329,29.875
20130401,29.928
20130402,29.92
20130403,29.925
20130408,30.06
20130409,30.05
20130410,29.998
20130411,29.98
20130412,29.995
20130415,29.927
20130416,29.928
20130417,29.9
20130418,29.91
20130419,29.84
20130422,29.87
20130423,29.872
20130424,29.832
20130425,29.75
20130426,29.705
20130429,29.606
20130430,29.616
20130502,29.636
20130503,29.61
20130506,29.626
20130507,29.59
20130508,29.5
20130509,29.51
20130510,29.8
20130513,29.92
20130514,29.906
20130515,30.028
20130516,30.05
20130517,30.06
20130520,30.03
20130521,29.942
20130522,29.96
20130523,30.025
20130524,30.03
20130527,29.971
20130528,30.057
20130529,30.12
20130530,30.125
20130531,30.06
20130603,30.07
20130604,30.02
20130605,29.91
20130606,29.915
20130607,29.871
20130610,30.066
20130611,30.16
20130613,30.162
20130614,29.97
20130617,29.972
20130618,30.002
20130619,29.96
20130620,30.16
20130621,30.28
20130624,30.35
20130625,30.26
20130626,30.25
20130627,30.191
20130628,30.12
20130701,30.115
20130702,30.12
20130703,30.302
20130704,30.199
20130705,30.218
20130708,30.342
20130709,30.12
20130710,30.085
20130711,29.952
20130712,29.932
20130715,29.952
20130716,29.878
20130717,29.925
20130718,30.025
20130719,29.978
20130722,29.935
20130723,29.92
20130724,29.942
20130725,29.978
20130726,29.95
20130729,29.96
20130730,30.005
20130731,30.12
20130801,30.125
20130802,30.129
20130805,29.95
20130806,29.995
20130807,30.025
20130808,29.96
20130809,29.955
20130812,29.98
20130813,30.002
20130814,30.032
20130815,30.035
20130816,30.002
20130819,30.032
20130820,30.092
20130822,30.127
20130823,30.053
20130826,30.015
20130827,30.06
20130828,30.05
20130829,30.012
20130830,29.983
20130902,29.9
20130903,29.92
20130904,29.885
20130905,29.985
20130906,29.9
20130909,29.825
20130910,29.76
20130911,29.828
20130912,29.783
20130913,29.842
20130914,29.842
20130916,29.721
20130917,29.76
20130918,29.752
20130923,29.629
20130924,29.632
20130925,29.69
20130926,29.673
20130927,29.656
20130930,29.67
20131001,29.615
20131002,29.61
20131003,29.532
20131004,29.502
20131007,29.536
20131008,29.542
20131009,29.548
20131011,29.49
20131014,29.495
20131015,29.445
20131016,29.46
20131017,29.452
20131018,29.446
20131021,29.482
20131022,29.466
20131023,29.425
20131024,29.452
20131025,29.455
20131028,29.46
20131029,29.472
20131030,29.475
20131031,29.455
20131101,29.47
20131104,29.506
20131105,29.466
20131106,29.48
20131107,29.485
20131108,29.505
20131111,29.625
20131112,29.636
20131113,29.65
20131114,29.606
20131115,29.62
20131118,29.58
20131119,29.532
20131120,29.572
20131121,29.636
20131122,29.645
20131125,29.675
20131126,29.652
20131127,29.672
20131128,29.68
20131129,29.679
20131202,29.636
20131203,29.702
20131204,29.692
20131205,29.69
20131206,29.665
20131209,29.63
20131210,29.635
20131211,29.64
20131212,29.66
20131213,29.689
20131216,29.706
20131217,29.716
20131218,29.745
20131219,29.945
20131220,29.98
20131223,30.009
20131224,30.039
20131225,30.047
20131226,30.06
20131227,30.025
20131230,30.03
20131231,29.95
20140102,29.979
20140103,30.039
20140106,30.235
20140107,30.315
20140108,30.24
20140109,30.252
20140110,30.212
20140113,30.112
20140114,30.159
20140115,30.236
20140116,30.256
20140117,30.221
20140120,30.256
20140121,30.29
20140122,30.32
20140123,30.41
20140124,30.42
20140127,30.511
20140128,30.451
20140129,30.376
20140205,30.42
20140206,30.429
20140207,30.406
20140210,30.38
20140211,30.406
20140212,30.346
20140213,30.408
20140214,30.347
20140217,30.285
20140218,30.339
20140219,30.332
20140220,30.392
20140221,30.395
20140224,30.425
20140225,30.402
20140226,30.35
20140227,30.355
20140303,30.369
20140304,30.38
20140305,30.352
20140306,30.323
20140307,30.302
20140310,30.325
20140311,30.305
20140312,30.375
20140313,30.352
20140314,30.381
20140317,30.352
20140318,30.386
20140319,30.437
20140320,30.589
20140321,30.652
20140324,30.622
20140325,30.619
20140326,30.605
20140327,30.582
20140328,30.552
20140331,30.51
20140401,30.435
20140402,30.375
20140403,30.38
20140407,30.32
20140408,30.27
20140409,30.162
20140410,30.13
20140411,30.132
20140414,30.233
20140415,30.235
20140416,30.201
20140417,30.221
20140418,30.23
20140421,30.268
20140422,30.303
20140423,30.326
20140424,30.306
20140425,30.32
20140428,30.285
20140429,30.25
20140430,30.258
20140502,30.212
20140505,30.171
20140506,30.176
20140507,30.165
20140508,30.167
20140509,30.175
20140512,30.192
20140513,30.212
20140514,30.22
20140515,30.203
20140516,30.208
20140519,30.185
20140520,30.202
20140521,30.216
20140522,30.178
20140523,30.18
20140526,30.16
20140527,30.171
20140528,30.151
20140529,30.128
20140530,30.05
20140603,30.064
20140604,30.102
20140605,30.088
20140606,30.08
20140609,30.048
20140610,30.05
20140611,30.039
20140612,30.045
20140613,30.053
20140616,30.061
20140617,30.066
20140618,30.071
20140619,30.036
20140620,30.065
20140623,30.039
20140624,30.031
20140625,30.051
20140626,29.992
20140627,29.962
20140630,29.915
20140701,29.935
20140702,29.905
20140703,29.935
20140704,29.937
20140707,29.96
20140708,29.97
20140709,29.962
20140710,29.945
20140711,29.99
20140714,30.001
20140715,30.042
20140716,30.072
20140717,30.046
20140718,30.051
20140721,30.037
20140722,30.035
20140724,30.052
20140725,30.035
20140728,30.037
20140729,30.005
20140730,30.01
20140731,30.04
20140801,30.069
20140804,30.04
20140805,30.045
20140806,30.056
20140807,30.061
20140808,30.066
20140811,30.052
20140812,30.06
20140813,30.065
20140814,30.045
20140815,30.035
20140818,30.04
20140819,30.042
20140820,30.047
20140821,30.052
20140822,30.02
20140825,30.028
20140826,30.026
20140827,29.985
20140828,29.965
20140829,29.97
20140901,29.968
20140902,29.978
20140903,29.986
20140904,29.972
20140905,30.002
20140909,30.005
20140910,30.025
20140911,30.06
20140912,30.068
20140915,30.106
20140916,30.16
20140917,30.134
20140918,30.256
20140919,30.258
20140922,30.229
20140923,30.24
20140924,30.248
20140925,30.31
20140926,30.312
20140929,30.502
20140930,30.436
20141001,30.492
20141002,30.46
20141003,30.437
20141006,30.503
20141007,30.453
20141008,30.505
20141009,30.43
20141013,30.45
20141014,30.43
20141015,30.42
20141016,30.41
20141017,30.421
20141020,30.415
20141021,30.401
20141022,30.393
20141023,30.405
20141024,30.413
20141027,30.403
20141028,30.398
20141029,30.376
20141030,30.402
20141031,30.478
20141103,30.488
20141104,30.538
20141105,30.602
20141106,30.605
20141107,30.716
20141110,30.606
20141111,30.717
20141112,30.75
20141113,30.752
20141114,30.766
20141117,30.739
20141118,30.775
20141119,30.876
20141120,31.015
20141121,31.005
20141124,31.01
20141125,30.966
20141126,30.952
20141127,30.951
20141128,31.039
20141201,31.139
20141202,31.106
20141203,31.167
20141204,31.197
20141205,31.192
20141208,31.285
20141209,31.29
20141210,31.26
20141211,31.262
20141212,31.326
20141215,31.342
20141216,31.327
20141217,31.357
20141218,31.45
20141219,31.472
20141222,31.586
20141223,31.765
20141224,31.815
20141225,31.753
20141226,31.75
20141227,31.75
20141229,31.761
20141230,31.766
20141231,31.718
20150105,32.005
20150106,31.996
20150107,32.001
20150108,32.006
20150109,31.936
20150112,31.856
20150113,31.862
20150114,31.832
20150115,31.786
20150116,31.645
20150119,31.552
20150120,31.696
20150121,31.553
20150122,31.51
20150123,31.432
20150126,31.339
20150127,31.325
20150128,31.328
20150129,31.512
20150130,31.555
20150202,31.685
20150203,31.623
20150204,31.473
20150205,31.535
20150206,31.49
20150209,31.56
20150210,31.502
20150211,31.564
20150212,31.63
20150213,31.475
20150216,31.6
20150217,31.638
20150224,31.688
20150225,31.532
20150226,31.503
20150302,31.568
20150303,31.508
20150304,31.48
20150305,31.507
20150306,31.45
20150309,31.52
20150310,31.566
20150311,31.666
20150312,31.67
20150313,31.71
20150316,31.712
20150317,31.667
20150318,31.65
20150319,31.502
20150320,31.548
20150323,31.503
20150324,31.383
20150325,31.401
20150326,31.405
20150327,31.375
20150330,31.38
20150331,31.401
20150401,31.362
20150402,31.303
20150407,31.152
20150408,31.226
20150409,31.231
20150410,31.24
20150413,31.342
20150414,31.312
20150415,31.33
20150416,31.253
20150417,31.162
20150420,31.102
20150421,31.173
20150422,31.113
20150423,31.131
20150424,31.051
20150427,30.861
20150428,30.831
20150429,30.695
20150430,30.752
20150504,30.776
20150505,30.781
20150506,30.753
20150507,30.803
20150508,30.765
20150511,30.78
20150512,30.81
20150513,30.78
20150514,30.681
20150515,30.612
20150518,30.61
20150519,30.64
20150520,30.682
20150521,30.65
20150522,30.541
20150525,30.571
20150526,30.708
20150527,30.725
20150528,30.801
20150529,30.871
20150601,30.932
20150602,31.002
20150603,30.922
20150604,31.062
20150605,31.032
20150608,31.275
20150609,31.302
20150610,31.156
20150611,31.162
20150612,31.226
20150615,31.256
20150616,31.266
20150617,31.261
20150618,31.062
20150622,30.97
20150623,31.002
20150624,31.052
20150625,31.052
20150626,31.132
20150629,31.178
20150630,31.07
20150701,31.1
20150702,31.15
20150703,31.12
20150706,31.15
20150707,31.162
20150708,31.225
20150709,31.23
20150713,31.2
20150714,31.302
20150715,31.272
20150716,31.31
20150717,31.312
20150720,31.342
20150721,31.407
20150722,31.352
20150723,31.452
20150724,31.53
20150727,31.56
20150728,31.575
20150729,31.523
20150730,31.601
20150731,31.682
20150803,31.705
20150804,31.726
20150805,31.75
20150806,31.755
20150807,31.77
20150810,31.76
20150811,32.08
20150812,32.465
20150813,32.366
20150814,32.368
20150817,32.621
20150818,32.653
20150819,32.668
20150820,32.678
20150821,32.876
20150824,32.96
20150825,32.879
20150826,32.765
20150827,32.77
20150828,32.772
20150831,32.81
20150901,32.68
20150902,32.762
20150903,32.801
20150904,32.833
20150907,32.935
20150908,33.003
20150909,32.775
20150910,32.856
20150911,32.71
20150914,32.72
20150915,32.786
20150916,32.762
20150917,32.662
20150918,32.663
20150921,32.939
20150922,32.971
20150923,33.25
20150924,33.26
20150925,33.292
20150930,33.128
20151001,33.08
20151002,33.156
20151005,33.002
20151006,32.937
20151007,32.872
20151008,32.85
20151012,32.56
20151013,32.739
20151014,32.742
20151015,32.457
20151016,32.505
20151019,32.418
20151020,32.51
20151021,32.558
20151022,32.658
20151023,32.513
20151026,32.708
20151027,32.676
20151028,32.686
20151029,32.856
20151030,32.802
20151102,32.721
20151103,32.625
20151104,32.595
20151105,32.718
20151106,32.73
20151109,32.832
20151110,32.85
20151111,32.852
20151112,32.9
20151113,32.908
20151116,33.022
20151117,32.975
20151118,33.007
20151119,32.86
20151120,32.73
20151123,32.778
20151124,32.746
20151125,32.647
20151126,32.701
20151127,32.815
20151130,32.83
20151201,32.832
20151202,32.903
20151203,32.935
20151204,32.822
20151207,32.936
20151208,33.037
20151209,33.047
20151210,33.015
20151211,32.965
20151214,33.066
20151215,33.026
20151216,32.95
20151217,33.035
20151218,33.117
20151221,33.085
20151222,33.09
20151223,33.1
20151224,33.002
20151225,33.005
20151228,33.02
20151229,33.035
20151230,33.05
20151231,33.066
20160104,33.236
20160105,33.27
20160106,33.453
20160107,33.53
20160108,33.501
20160111,33.651
20160112,33.667
20160113,33.625
20160114,33.742
20160115,33.802
20160118,33.818
20160119,33.82
20160120,33.826
20160121,33.838
20160122,33.705
20160125,33.622
20160126,33.725
20160127,33.71
20160128,33.743
20160129,33.6
20160130,33.65
20160201,33.67
20160202,33.68
20160203,33.808
20160204,33.608
20160205,33.52
20160215,33.421
20160216,33.453
20160217,33.505
20160218,33.525
20160219,33.561
20160222,33.567
20160223,33.485
20160224,33.49
20160225,33.496
20160226,33.492
20160301,33.436
20160302,33.37
20160303,33.179
20160304,33.101
20160307,33.01
20160308,33.062
20160309,33.225
20160310,33.08
20160311,32.95
20160314,32.87
20160315,32.918
20160316,32.95
20160317,32.706
20160318,32.52
20160321,32.545
20160322,32.525
20160323,32.625
20160324,32.726
20160325,32.766
20160328,32.72
20160329,32.695
20160330,32.425
20160331,32.282
20160401,32.378
20160406,32.442
20160407,32.402
20160408,32.45
20160411,32.388
20160412,32.382
20160413,32.35
20160414,32.436
20160415,32.348
20160418,32.402
20160419,32.265
20160420,32.248
20160421,32.296
20160422,32.33
20160425,32.361
20160426,32.363
20160427,32.345
20160428,32.279
20160429,32.281
20160503,32.205
20160504,32.356
20160505,32.377
20160506,32.412
20160509,32.417
20160510,32.533
20160511,32.528
20160512,32.542
20160513,32.626
20160516,32.705
20160517,32.63
20160518,32.705
20160519,32.802
20160520,32.752
20160523,32.656
20160524,32.72
20160525,32.652
20160526,32.576
20160527,32.528
20160530,32.68
20160531,32.63
20160601,32.622
20160602,32.612
20160603,32.605
20160604,32.506
20160606,32.402
20160607,32.339
20160608,32.225
20160613,32.435
20160614,32.423
20160615,32.441
20160616,32.391
20160617,32.385
20160620,32.256
20160621,32.258
20160622,32.221
20160623,32.19
20160624,32.502
20160627,32.533
20160628,32.435
20160629,32.343
20160630,32.286
20160701,32.218
20160704,32.208
20160705,32.282
20160706,32.407
20160707,32.306
20160711,32.215
20160712,32.22
20160713,32.183
20160714,32.073
20160715,31.99
20160718,32.024
20160719,31.991
20160720,32.051
20160721,32.06
20160722,32.07
20160725,32.14
20160726,32.106
20160727,32.068
20160728,31.955
20160729,31.926
20160801,31.64
20160802,31.68
20160803,31.75
20160804,31.71
20160805,31.57
20160808,31.512
20160809,31.455
20160810,31.225
20160811,31.326
20160812,31.403
20160815,31.37
20160816,31.28
20160817,31.452
20160818,31.41
20160819,31.618
20160822,31.82
20160823,31.706
20160824,31.772
20160825,31.67
20160826,31.672
20160829,31.801
20160830,31.72
20160831,31.726
20160901,31.736
20160902,31.703
20160905,31.506
20160906,31.412
20160907,31.24
20160908,31.286
20160909,31.51
20160910,31.552
20160912,31.716
20160913,31.706
20160914,31.689
20160919,31.45
20160920,31.367
20160921,31.43
20160922,31.4
20160923,31.33
20160926,31.432
20160929,31.356
20160930,31.366
20161003,31.33
20161004,31.347
20161005,31.371
20161006,31.403
20161007,31.48
20161011,31.613
20161012,31.629
20161013,31.76
20161014,31.672
20161017,31.77
20161018,31.669
20161019,31.518
20161020,31.53
20161021,31.63
20161024,31.683
20161025,31.616
20161026,31.558
20161027,31.637
20161028,31.639
20161031,31.58
20161101,31.568
20161102,31.564
20161103,31.468
20161104,31.473
20161107,31.519
20161108,31.507
20161109,31.459
20161110,31.589
20161111,31.801
20161114,31.949
20161115,31.87
20161116,31.848
20161117,31.868
20161118,32.01
20161121,32
20161122,31.945
20161123,31.88
20161124,31.927
20161125,31.942
20161128,31.802
20161129,31.818
20161130,31.89
20161201,31.892
20161202,31.923
20161205,31.995
20161206,31.952
20161207,31.902
20161208,31.752
20161209,31.86
20161212,31.864
20161213,31.822
20161214,31.803
20161215,31.923
20161216,31.967
20161219,31.97
20161220,32.005
20161221,32.02
20161222,32.03
20161223,32.17
20161226,32.25
20161227,32.281
20161228,32.309
20161229,32.312
20161230,32.279
20170103,32.245
20170104,32.26
20170105,31.962
20170106,31.993
20170109,32.106
20170110,31.948
20170111,31.935
20170112,31.78
20170113,31.602
20170116,31.702
20170117,31.603
20170118,31.586
20170119,31.623
20170120,31.533
20170123,31.431
20170124,31.382
20170125,31.332
20170126,31.36
20170202,31.101
20170203,31.05
20170206,30.943
20170207,31.048
20170208,31.128
20170209,31.046
20170210,31.051
20170213,31.03
20170214,30.868
20170215,30.765
20170216,30.792
20170217,30.776
20170218,30.796
20170220,30.804
20170221,30.793
20170222,30.779
20170223,30.745
20170224,30.65
20170301,30.76
20170302,30.795
20170303,31.02
20170306,30.982
20170307,30.85
20170308,30.865
20170309,31.02
20170310,31.036
20170313,30.916
20170314,30.966
20170315,30.84
20170316,30.657
20170317,30.626
20170320,30.527
20170321,30.458
20170322,30.503
20170323,30.488
20170324,30.488
20170327,30.25
20170328,30.17
20170329,30.285
20170330,30.315
20170331,30.336
20170405,30.381
20170406,30.56
20170407,30.601
20170410,30.652
20170411,30.65
20170412,30.556
20170413,30.325
20170414,30.4
20170417,30.35
20170418,30.406
20170419,30.418
20170420,30.408
20170421,30.363
20170424,30.272
20170425,30.152
20170426,30.151
20170427,30.156
20170428,30.218
20170502,30.062
20170503,30.072
20170504,30.14
20170505,30.182
20170508,30.166
20170509,30.258
20170510,30.266
20170511,30.215
20170512,30.201
20170515,30.158
20170516,30.115
20170517,30.14
20170518,30.225
20170519,30.21
20170522,30.052
20170523,30.166
20170524,30.183
20170525,30.084
20170526,30.122
20170531,30.102
20170601,30.117
20170602,30.117
20170603,30.127
20170605,30.09
20170606,30.093
20170607,30.095
20170608,30.105
20170609,30.108
20170612,30.176
20170613,30.227
20170614,30.23
20170615,30.247
20170616,30.381
20170619,30.361
20170620,30.401
20170621,30.471
20170622,30.442
20170623,30.4
20170626,30.335
20170627,30.341
20170628,30.438
20170629,30.37
20170630,30.436
20170703,30.428
20170704,30.528
20170705,30.509
20170706,30.601
20170707,30.61
20170710,30.585
20170711,30.593
20170712,30.49
20170713,30.385
20170714,30.417
20170717,30.419
20170718,30.37
20170719,30.397
20170720,30.457
20170721,30.451
20170724,30.359
20170725,30.36
20170726,30.402
20170727,30.252
20170728,30.302
20170731,30.227
20170801,30.256
20170802,30.252
20170803,30.227
20170804,30.22
20170807,30.234
20170808,30.201
20170809,30.218
20170810,30.309
20170811,30.358
20170814,30.302
20170815,30.317
20170816,30.365
20170817,30.312
20170818,30.332
20170821,30.328
20170822,30.3
20170823,30.29
20170824,30.265
20170825,30.25
20170828,30.162
20170829,30.2
20170830,30.156
20170831,30.203
20170901,30.156
20170904,30.101
20170905,30.07
20170906,30.105
20170907,30.062
20170908,30.006
20170911,30.026
20170912,30.03
20170913,30.056
20170914,30.106
20170915,30.075
20170918,30.108
20170919,30.137
20170920,30.132
20170921,30.208
20170922,30.191
20170925,30.172
20170926,30.216
20170927,30.303
20170928,30.405
20170929,30.336
20170930,30.305
20171002,30.413
20171003,30.45
20171005,30.35
20171006,30.376
20171011,30.232
20171012,30.213
20171013,30.185
20171016,30.158
20171017,30.205
20171018,30.2
20171019,30.23
20171020,30.241
20171023,30.262
20171024,30.27
20171025,30.266
20171026,30.229
20171027,30.277
20171030,30.205
20171031,30.17
20171101,30.175
20171102,30.186
20171103,30.172
20171106,30.204
20171107,30.17
20171108,30.187
20171109,30.18
20171110,30.172
20171113,30.19
20171114,30.18
20171115,30.15
20171116,30.158
20171117,30.101
20171120,30.102
20171121,30.06
20171122,30.02
20171123,30.007
20171124,30.01
20171127,30.006
20171128,30.001
20171129,29.99
20171130,30.01
20171201,30.028
20171204,30.036
20171205,29.993
20171206,30.01
20171207,30.025
20171208,30.015
20171211,30.018
20171212,30.018
20171213,30.026
20171214,30.006
20171215,29.992
20171218,30.006
20171219,29.99
20171220,29.99
20171221,29.988
20171222,29.968
20171225,29.968
20171226,29.945
20171227,29.94
20171228,29.84
20171229,29.848
20180102,29.628
20180103,29.6
20180104,29.59
20180105,29.523
20180108,29.523
20180109,29.536
20180110,29.601
20180111,29.605
20180112,29.6
20180115,29.542
20180116,29.555
20180117,29.56
20180118,29.562
20180119,29.43
20180122,29.432
20180123,29.402
20180124,29.302
20180125,29.069
20180126,29.101
20180129,29.15
20180130,29.24
20180131,29.15
20180201,29.207
20180202,29.235
20180205,29.307
20180206,29.386
20180207,29.27
20180208,29.39
20180209,29.407
20180212,29.4
20180213,29.358
20180214,29.342
20180221,29.245
20180222,29.301
20180223,29.306
20180226,29.235
20180227,29.23
20180301,29.318
20180302,29.29
20180305,29.292
20180306,29.287
20180307,29.254
20180308,29.261
20180309,29.3
20180312,29.28
20180313,29.252
20180314,29.257
20180315,29.2
20180316,29.231
20180319,29.201
20180320,29.175
20180321,29.189
20180322,29.153
20180323,29.17
20180326,29.153
20180327,29.135
20180328,29.163
20180329,29.165
20180330,29.12
20180331,29.12
20180402,29.142
20180403,29.148
20180409,29.209
20180410,29.19
20180411,29.201
20180412,29.26
20180413,29.302
20180416,29.425
20180417,29.362
20180418,29.366
20180419,29.34
20180420,29.407
20180423,29.528
20180424,29.616
20180425,29.66
20180426,29.705
20180427,29.636
20180430,29.605
20180502,29.758
20180503,29.742
20180504,29.716
20180507,29.763
20180508,29.783
20180509,29.928
20180510,29.872
20180511,29.773
20180514,29.742
20180515,29.848
20180516,29.892
20180517,29.906
20180518,29.912
20180521,29.992
20180522,29.922
20180523,29.96
20180524,29.93
20180525,29.945
20180528,29.928
20180529,29.988
20180530,30.05
20180531,29.98
20180601,29.864
20180604,29.82
20180605,29.815
20180606,29.738
20180607,29.74
20180608,29.816
20180611,29.821
20180612,29.86
20180613,29.89
20180614,29.938
20180615,30.002
20180619,30.186
20180620,30.17
20180621,30.302
20180622,30.307
20180625,30.403
20180626,30.412
20180627,30.454
20180628,30.586
20180629,30.5
20180702,30.523
20180703,30.586
20180704,30.501
20180705,30.54
20180706,30.5
20180709,30.386
20180710,30.403
20180711,30.481
20180712,30.542
20180713,30.556
20180716,30.575
20180717,30.516
20180718,30.582
20180719,30.632
20180720,30.716
20180723,30.645
20180724,30.72
20180725,30.632
20180726,30.573
20180727,30.592
20180730,30.609
20180731,30.614
20180801,30.616
20180802,30.682
20180803,30.706
20180806,30.63
20180807,30.621
20180808,30.616
20180809,30.626
20180810,30.708
20180813,30.812
20180814,30.807
20180815,30.858
20180816,30.845
20180817,30.802
20180820,30.76
20180821,30.73
20180822,30.73
20180823,30.79
20180824,30.783
20180827,30.772
20180828,30.724
20180829,30.706
20180830,30.711
20180831,30.731
20180903,30.712
20180904,30.766
20180905,30.806
20180906,30.802
20180907,30.776
20180910,30.83
20180911,30.814
20180912,30.825
20180913,30.805
20180914,30.76
20180917,30.805
20180918,30.813
20180919,30.793
20180920,30.795
20180921,30.716
20180925,30.675
20180926,30.697
20180927,30.602
20180928,30.551
20181001,30.556
20181002,30.668
20181003,30.67
20181004,30.792
20181005,30.84
20181008,30.926
20181009,30.968
20181011,31.105
20181012,30.91
20181015,30.94
20181016,30.92
20181017,30.85
20181018,30.975
20181019,30.976
20181022,30.92
20181023,30.985
20181024,30.947
20181025,30.996
20181026,31.006
20181029,30.996
20181030,30.985
20181031,30.968
20181101,30.926
20181102,30.738
20181105,30.771
20181106,30.782
20181107,30.76
20181108,30.702
20181109,30.812
20181112,30.888
20181113,30.902
20181114,30.932
20181115,30.845
20181116,30.888
20181119,30.906
20181120,30.908
20181121,30.908
20181122,30.894
20181123,30.902
20181126,30.886
20181127,30.9
20181128,30.91
20181129,30.84
20181130,30.85
20181203,30.752
20181204,30.705
20181205,30.806
20181206,30.857
20181207,30.841
20181210,30.877
20181211,30.894
20181212,30.881
20181213,30.85
20181214,30.867
20181217,30.87
20181218,30.87
20181219,30.813
20181220,30.843
20181221,30.8
20181222,30.824
20181224,30.838
20181225,30.81
20181226,30.815
20181227,30.802
20181228,30.733
20190102,30.794
20190103,30.886
20190104,30.863
20190107,30.812
20190108,30.836
20190109,30.801
20190110,30.782
20190111,30.802
20190114,30.851
20190115,30.82
20190116,30.831
20190117,30.852
20190118,30.842
20190119,30.842
20190121,30.851
20190122,30.896
20190123,30.892
20190124,30.885
20190125,30.825
20190128,30.79
20190129,30.811
20190130,30.776
20190131,30.74
20190201,30.745
20190211,30.809
20190212,30.831
20190213,30.831
20190214,30.833
20190215,30.85
20190218,30.843
20190219,30.846
20190220,30.824
20190221,30.83
20190222,30.822
20190223,30.823
20190225,30.793
20190226,30.783
20190227,30.775
20190304,30.83
20190305,30.847
20190306,30.852
20190307,30.869
20190308,30.902
20190311,30.91
20190312,30.905
20190313,30.91
20190314,30.901
20190315,30.888
20190318,30.832
20190319,30.838
20190320,30.833
20190321,30.816
20190322,30.806
20190325,30.83
20190326,30.835
20190327,30.856
20190328,30.856
20190329,30.825
20190401,30.801
20190402,30.843
20190403,30.817
20190408,30.845
20190409,30.841
20190410,30.845
20190411,30.866
20190412,30.88
20190415,30.866
20190416,30.874
20190417,30.848
20190418,30.841
20190419,30.842
20190422,30.856
20190423,30.858
20190424,30.875
20190425,30.905
20190426,30.907
20190429,30.897
20190430,30.905
20190502,30.905
20190503,30.907
20190506,30.925
20190507,30.911
20190508,30.92
20190509,30.956
20190510,30.958
20190513,31.082
20190514,31.128
20190515,31.11
20190516,31.165
20190517,31.297
20190520,31.385
20190521,31.46
20190522,31.53
20190523,31.547
20190524,31.52
20190527,31.45
20190528,31.484
20190529,31.581
20190530,31.61
20190531,31.612
20190603,31.503
20190604,31.48
20190605,31.39
20190606,31.402
20190610,31.436
20190611,31.436
20190612,31.43
20190613,31.512
20190614,31.53
20190617,31.52
20190618,31.528
20190619,31.35
20190620,31.175
20190621,31.15
20190624,31.11
20190625,31.115
20190626,31.14
20190627,31.101
20190628,31.072
20190701,31.002
20190702,31.052
20190703,31.13
20190704,31.102
20190705,31.107
20190708,31.196
20190709,31.181
20190710,31.16
20190711,31.026
20190712,31.081
20190715,31.052
20190716,31.042
20190717,31.075
20190718,31.077
20190719,31.05
20190722,31.083
20190723,31.091
20190724,31.084
20190725,31.085
20190726,31.09
20190729,31.102
20190730,31.075
20190731,31.096
20190801,31.182
20190802,31.376
20190805,31.628
20190806,31.51
20190807,31.487
20190808,31.363
20190812,31.4
20190813,31.506
20190814,31.402
20190815,31.405
20190816,31.366
20190819,31.352
20190820,31.405
20190821,31.366
20190822,31.384
20190823,31.402
20190826,31.451
20190827,31.415
20190828,31.42
20190829,31.442
20190830,31.41
20190902,31.402
20190903,31.432
20190904,31.365
20190905,31.28
20190906,31.257
20190909,31.25
20190910,31.23
20190911,31.22
20190912,31.055
20190916,31.002
20190917,31.035
20190918,31
20190919,31.006
20190920,30.98
20190923,31.057
20190924,31.013
20190925,31.034
20190926,31.04
20190927,31.042
20191001,31.045
20191002,31.063
20191003,31.064
20191004,30.973
20191005,30.973
20191007,30.902
20191008,30.842
20191009,30.85
20191014,30.62
20191015,30.686
20191016,30.722
20191017,30.681
20191018,30.611
20191021,30.592
20191022,30.594
20191023,30.611
20191024,30.586
20191025,30.594
20191028,30.572
20191029,30.522
20191030,30.533
20191031,30.462
20191101,30.479
20191104,30.405
20191105,30.371
20191106,30.4
20191107,30.406
20191108,30.412
20191111,30.435
20191112,30.422
20191113,30.503
20191114,30.582
20191115,30.538
20191118,30.501
20191119,30.509
20191120,30.5
20191121,30.524
20191122,30.517
20191125,30.507
20191126,30.512
20191127,30.515
20191128,30.505
20191129,30.513
20191202,30.509
20191203,30.507
20191204,30.508
20191205,30.5
20191206,30.5
20191209,30.502
20191210,30.503
20191211,30.505
20191212,30.406
20191213,30.317
20191216,30.263
20191217,30.21
20191218,30.233
20191219,30.208
20191220,30.21
20191223,30.215
20191224,30.205
20191225,30.203
20191226,30.201
20191227,30.203
20191230,30.135
20191231,30.106
20200102,30.114
20200103,30.105
20200106,30.11
20200107,30.082
20200108,30.087
20200109,30.008
20200110,30.019
20200113,29.952
20200114,29.942
20200115,29.95
20200116,29.955
20200117,29.96
20200120,29.96
20200121,29.998
20200122,30.006
20200130,30.277
20200131,30.25
20200203,30.332
20200204,30.207
20200205,30.152
20200206,30.082
20200207,30.126
20200210,30.102
20200211,30.068
20200212,30.032
20200213,30.037
20200214,30.051
20200215,30.051
20200217,30.056
20200218,30.125
20200219,30.152
20200220,30.254
20200221,30.403
20200224,30.472
20200225,30.402
20200226,30.383
20200227,30.33
20200302,30.124
20200303,30.087
20200304,30.038
20200305,29.96
20200306,30.04
20200309,30.13
20200310,30.036
20200311,30.095
20200312,30.15
20200313,30.21
20200316,30.22
20200317,30.25
20200318,30.276
20200319,30.506
20200320,30.302
20200323,30.405
20200324,30.316
20200325,30.325
20200326,30.306
20200327,30.236
20200330,30.25
20200331,30.254
20200401,30.308
20200406,30.231
20200407,30.152
20200408,30.16
20200409,30.152
20200410,30.103
20200413,30.12
20200414,30.071
20200415,30.031
20200416,30.12
20200417,30.102
20200420,30.072
20200421,30.102
20200422,30.1
20200423,30.072
20200424,30.08
20200427,30.025
20200428,30.036
20200429,29.951
20200430,29.802
20200504,29.9
20200505,29.88
20200506,29.91
20200507,29.95
20200508,29.902
20200511,29.861
20200512,29.92
20200513,29.906
20200514,29.948
20200515,29.95
20200518,29.98
20200519,29.95
20200520,29.96
20200521,29.95
20200522,30.009
20200525,30.076
20200526,29.988
20200527,30.03
20200528,30.045
20200529,30.032
20200601,29.952
20200602,29.988
20200603,29.905
20200604,29.926
20200605,29.839
20200608,29.811
20200609,29.803
20200610,29.716
20200611,29.733
20200612,29.762
20200615,29.77
20200616,29.704
20200617,29.682
20200618,29.655
20200619,29.66
20200620,29.66
20200622,29.66
20200623,29.635
20200624,29.64
20200629,29.625
20200630,29.66
20200701,29.612
20200702,29.586
20200703,29.609
20200706,29.551
20200707,29.58
20200708,29.606
20200709,29.581
20200710,29.613
20200713,29.584
20200714,29.595
20200715,29.582
20200716,29.596
20200717,29.593
20200720,29.565
20200721,29.553
20200722,29.527
20200723,29.536
20200724,29.556
20200727,29.507
20200728,29.502
20200729,29.501
20200730,29.521
20200731,29.502
20200803,29.531
20200804,29.539
20200805,29.506
20200806,29.503
20200807,29.514
20200810,29.52
20200811,29.531
20200812,29.54
20200813,29.536
20200814,29.542
20200817,29.526
20200818,29.518
20200819,29.508
20200820,29.522
20200821,29.512
20200824,29.517
20200825,29.507
20200826,29.515
20200827,29.51
20200828,29.521
20200831,29.526
20200901,29.521
20200902,29.526
20200903,29.531
20200904,29.537
20200907,29.524
20200908,29.505
20200909,29.53
20200910,29.519
20200911,29.506
20200914,29.486
20200915,29.38
20200916,29.308
20200917,29.31
20200918,29.152
20200921,29.158
20200922,29.202
20200923,29.216
20200924,29.318
20200925,29.275
20200926,29.276
20200928,29.22
20200929,29.151
20200930,29.126
20201005,29.02
20201006,28.96
20201007,28.965
20201008,28.966
20201012,28.909
20201013,28.92
20201014,28.952
20201015,28.96
20201016,28.979
20201019,28.95
20201020,28.932
20201021,28.892
20201022,28.903
20201023,28.917
20201026,28.902
20201027,28.872
20201028,28.906
20201029,28.914
20201030,28.925
20201102,28.909
20201103,28.92
20201104,29.006
20201105,28.874
20201106,28.876
20201109,28.825
20201110,28.856
20201111,28.83
20201112,28.86
20201113,28.847
20201116,28.81
20201117,28.815
20201118,28.758
20201119,28.818
20201120,28.82
20201123,28.803
20201124,28.831
20201125,28.816
20201126,28.811
20201127,28.811
20201130,28.824
20201201,28.837
20201202,28.766
20201203,28.668
20201204,28.521
20201207,28.534
20201208,28.516
20201209,28.51
20201210,28.506
20201211,28.44
20201214,28.45
20201215,28.46
20201216,28.476
20201217,28.481
20201218,28.489
20201221,28.517
20201222,28.545
20201223,28.555
20201224,28.533
20201225,28.541
20201228,28.525
20201229,28.515
20201230,28.507
20201231,28.508
20210104,28.424
20210105,28.402
20210106,28.407
20210107,28.429
20210108,28.457
20210111,28.485
20210112,28.481
20210113,28.445
20210114,28.467
20210115,28.48
20210118,28.49
20210119,28.471
20210120,28.415
20210121,28.373
20210122,28.381
20210125,28.391
20210126,28.41
20210127,28.38
20210128,28.422
20210129,28.412
20210201,28.385
20210202,28.387
20210203,28.377
20210204,28.382
20210205,28.39
20210208,28.39
20210209,28.39
20210217,28.38
20210218,28.33
20210219,28.338
20210220,28.338
20210222,28.336
20210223,28.302
20210224,28.306
20210225,28.256
20210226,28.306
20210302,28.319
20210303,28.258
20210304,28.266
20210305,28.276
20210308,28.303
20210309,28.39
20210310,28.326
20210311,28.241
20210312,28.187
20210315,28.243
20210316,28.263
20210317,28.302
20210318,28.306
20210319,28.463
20210322,28.492
20210323,28.482
20210324,28.538
20210325,28.61
20210326,28.602
20210329,28.552
20210330,28.519
20210331,28.531
20210401,28.533
20210406,28.486
20210407,28.427
20210408,28.43
20210409,28.436
20210412,28.459
20210413,28.465
20210414,28.435
20210415,28.382
20210416,28.341
20210419,28.205
20210420,28.138
20210421,28.151
20210422,28.141
20210423,28.111
20210426,27.959
20210427,27.905
20210428,27.938
20210429,27.95
20210503,27.979
20210504,27.952
20210505,27.96
20210506,27.99
20210507,27.908
20210510,27.816
20210511,27.952
20210512,27.955
20210513,27.996
20210514,28.012
20210517,28.042
20210518,27.952
20210519,27.982
20210520,28.012
20210521,27.94
20210524,27.95
20210525,27.876
20210526,27.821
20210527,27.822
20210528,27.767
20210531,27.657
20210601,27.637
20210602,27.72
20210603,27.704
20210604,27.721
20210607,27.712
20210608,27.703
20210609,27.767
20210610,27.704
20210611,27.631
20210615,27.652
20210616,27.691
20210617,27.765
20210618,27.81
20210621,27.952
20210622,27.962
20210623,28.006
20210624,28.002
20210625,27.907
20210628,27.91
20210629,27.908
20210630,27.87
20210701,27.904
20210702,27.99
20210705,27.915
20210706,27.916
20210707,27.993
20210708,28.034
20210709,28.086
20210712,28.015
20210713,27.997
20210714,28.007
20210715,27.892
20210716,28.005
20210719,28.052
20210720,28.06
20210721,28.073
20210722,28.018
20210723,28.028
20210726,28.072
20210727,28.055
20210728,28.005
20210729,27.945
20210730,27.966
20210802,27.932
20210803,27.93
20210804,27.833
20210805,27.781
20210806,27.813
20210809,27.826
20210810,27.831
20210811,27.847
20210812,27.819
20210813,27.86
20210816,27.848
20210817,27.869
20210818,27.843
20210819,27.969
20210820,28.008
20210823,27.985
20210824,27.942
20210825,27.927
20210826,27.937
20210827,27.928
20210830,27.813
20210831,27.772
20210901,27.742
20210902,27.732
20210903,27.703
20210906,27.663
20210907,27.673
20210908,27.746
20210909,27.752
20210910,27.69
20210911,27.71
20210913,27.72
20210914,27.713
20210915,27.708
20210916,27.715
20210917,27.736
20210922,27.782
20210923,27.773
20210924,27.731
20210927,27.722
20210928,27.785
20210929,27.82
20210930,27.866
20211001,27.882
20211004,27.866
20211005,27.907
20211006,27.97
20211007,27.952
20211008,28.046
20211012,28.152
20211013,28.145
20211014,28.103
20211015,28.027
20211018,28.015
20211019,27.935
20211020,27.911
20211021,27.912
20211022,27.902
20211025,27.876
20211026,27.842
20211027,27.827
20211028,27.834
20211029,27.82
20211101,27.85
20211102,27.85
20211103,27.853
20211104,27.866
20211105,27.882
20211108,27.842
20211109,27.772
20211110,27.785
20211111,27.84
20211112,27.836
20211115,27.782
20211116,27.79
20211117,27.815
20211118,27.803
20211119,27.795
20211122,27.783
20211123,27.809
20211124,27.793
20211125,27.801
20211126,27.836
20211129,27.807
20211130,27.81
20211201,27.76
20211202,27.766
20211203,27.723
20211206,27.741
20211207,27.771
20211208,27.742
20211209,27.71
20211210,27.737
20211213,27.796
20211214,27.816
20211215,27.8
20211216,27.817
20211217,27.78
20211220,27.84
20211221,27.825
20211222,27.82
20211223,27.788
20211224,27.738
20211227,27.715
20211228,27.685
20211229,27.688
20211230,27.69
20220103,27.632
20220104,27.642
20220105,27.621
20220106,27.651
20220107,27.69
20220110,27.668
20220111,27.684
20220112,27.668
20220113,27.648
20220114,27.624
20220117,27.607
20220118,27.624
20220119,27.651
20220120,27.636
20220121,27.702
20220122,27.7
20220124,27.696
20220125,27.717
20220126,27.745
20220127,27.806
20220128,27.828
20220207,27.841
20220208,27.838
20220209,27.822
20220210,27.825
20220211,27.846
20220214,27.873
20220215,27.892
20220216,27.892
20220217,27.872
20220218,27.87
20220221,27.83
20220222,27.88
20220223,27.884
20220224,28.023
20220225,28.021
20220301,28.02
20220302,28.07
20220303,28.061
20220304,28.115
20220307,28.25
20220308,28.362
20220309,28.435
20220310,28.345
20220311,28.403
20220314,28.53
20220315,28.612
20220316,28.625
20220317,28.456
20220318,28.36
20220321,28.487
20220322,28.543
20220323,28.551
20220324,28.602
20220325,28.613
20220328,28.755
20220329,28.765
20220330,28.58
20220331,28.622
20220401,28.705
20220406,28.77
20220407,28.828
20220408,28.906
20220411,29.05
20220412,29.145
20220413,29.086
20220414,29.004
20220415,29.118
20220418,29.186
20220419,29.23
20220420,29.249
20220421,29.209
20220422,29.26
20220425,29.37
20220426,29.31
20220427,29.396
20220428,29.525
20220429,29.48
20220503,29.53
20220504,29.525
20220505,29.509
20220506,29.66
20220509,29.733
20220510,29.712
20220511,29.705
20220512,29.823
20220513,29.807
20220516,29.814
20220517,29.732
20220518,29.71
20220519,29.769
20220520,29.655
20220523,29.62
20220524,29.622
20220525,29.556
20220526,29.505
20220527,29.35
20220530,29.144
20220531,29.065
20220601,29.27
20220602,29.388
20220606,29.415
20220607,29.514
20220608,29.52
20220609,29.526
20220610,29.584
20220613,29.742
20220614,29.708
20220615,29.74
20220616,29.735
20220617,29.72
20220620,29.74
20220621,29.715
20220622,29.79
20220623,29.782
20220624,29.732
20220627,29.612
20220628,29.64
20220629,29.682
20220630,29.726
20220701,29.755
20220704,29.745
20220705,29.765
20220706,29.81
20220707,29.79
20220708,29.782
20220711,29.818
20220712,29.895
20220713,29.855
20220714,29.889
20220715,29.946
20220718,29.914
20220719,29.902
20220720,29.896
20220721,29.89
20220722,29.916
20220725,29.908
20220726,29.914
20220727,29.933
20220728,29.928
20220729,29.938
20220801,29.98
20220802,29.996
20220803,29.99
20220804,29.994
20220805,29.95
20220808,29.996
20220809,29.99
20220810,29.997
20220811,29.942
20220812,29.97
20220815,29.99
20220816,29.994
20220817,29.981
20220818,29.991
20220819,30.02
20220822,30.095
20220823,30.204
20220824,30.271
20220825,30.194
20220826,30.218
20220829,30.396
20220830,30.468
20220831,30.435
20220901,30.531
20220902,30.588
20220905,30.71
20220906,30.746
20220907,30.928
20220908,30.895
20220912,30.87
20220913,30.89
20220914,31.088
20220915,31.13
20220916,31.293
20220919,31.35
20220920,31.345
20220921,31.44
20220922,31.616
20220923,31.665
20220926,31.818
20220927,31.78
20220928,31.871
20220929,31.847
20220930,31.743
20221003,31.868
20221004,31.748
20221005,31.568
20221006,31.53
20221007,31.668
20221011,31.867
20221012,31.839
20221013,31.889
20221014,31.884
20221017,31.997
20221018,31.994
20221019,32.022
20221020,32.107
20221021,32.188
20221024,32.226
20221025,32.319
20221026,32.215
20221027,32.108
20221028,32.148
20221031,32.21
20221101,32.179
20221102,32.17
20221103,32.245
20221104,32.185
20221107,32.082
20221108,32.062
20221109,31.903
20221110,31.905
20221111,31.41
20221114,31.116
20221115,31.105
20221116,31.115
20221117,31.158
20221118,31.17
20221121,31.21
20221122,31.213
20221123,31.218
20221124,31.027
20221125,30.905
20221128,31.012
20221129,30.952
20221130,30.902
20221201,30.633
20221202,30.605
20221205,30.455
20221206,30.638
20221207,30.662
20221208,30.685
20221209,30.622
20221212,30.714
20221213,30.724
20221214,30.582
20221215,30.625
20221216,30.71
20221219,30.74
20221220,30.72
20221221,30.709
20221222,30.68
20221223,30.712
20221226,30.708
20221227,30.691
20221228,30.715
20221229,30.732
20221230,30.708
20230103,30.698
20230104,30.714
20230105,30.71
20230106,30.712
20230107,30.695
20230109,30.52
20230110,30.463
20230111,30.435
20230112,30.458
20230113,30.387
20230116,30.268
20230117,30.315
20230118,30.333
20230119,30.368
20230130,30.137
20230131,30.052
20230201,29.965
20230202,29.7
20230203,29.72
20230204,29.9
20230206,29.984
20230207,30.043
20230208,30.06
20230209,30.068
20230210,30.136
20230213,30.238
20230214,30.215
20230215,30.308
20230216,30.28
20230217,30.404
20230218,30.41
20230220,30.371
20230221,30.415
20230222,30.504
20230223,30.405
20230224,30.48
20230301,30.588
20230302,30.63
20230303,30.627
20230306,30.576
20230307,30.594
20230308,30.79
20230309,30.81
20230310,30.848
20230313,30.651
20230314,30.62
20230315,30.592
20230316,30.631
20230317,30.554
20230320,30.593
20230321,30.563
20230322,30.526
20230323,30.372
20230324,30.353
20230325,30.388
20230327,30.372
20230328,30.385
20230329,30.455
20230330,30.461
20230331,30.454
20230406,30.528
20230407,30.446
20230410,30.452
20230411,30.475
20230412,30.505
20230413,30.496
20230414,30.465
20230417,30.494
20230418,30.527
20230419,30.562
20230420,30.612
20230421,30.622
20230424,30.645
20230425,30.68
20230426,30.725
20230427,30.71
20230428,30.74
20230502,30.782
20230503,30.746
20230504,30.666
20230505,30.641
20230508,30.673
20230509,30.702
20230510,30.729
20230511,30.738
20230512,30.758
20230515,30.813
20230516,30.805
20230517,30.817
20230518,30.766
20230519,30.682
20230522,30.677
20230523,30.748
20230524,30.794
20230525,30.79
20230526,30.748
20230529,30.652
20230530,30.66
20230531,30.766
20230601,30.74
20230602,30.655
20230605,30.695
20230606,30.728
20230607,30.712
20230608,30.76
20230609,30.725
20230612,30.754
20230613,30.716
20230614,30.72
20230615,30.724
20230616,30.708
20230617,30.738
20230619,30.796
20230620,30.89
20230621,30.92
20230626,31.017
20230627,31.03
20230628,31.072
20230629,31.078
20230630,31.135
20230703,31.131
20230704,31.116
20230705,31.152
20230706,31.22
20230707,31.33
20230710,31.385
20230711,31.32
20230712,31.238
20230713,31.086
20230714,30.893
20230717,31.052
20230718,30.996
20230719,31.063
20230720,31.077
20230721,31.24
20230724,31.352
20230725,31.306
20230726,31.252
20230727,31.238
20230728,31.39
20230731,31.43
20230801,31.518
20230802,31.625
20230804,31.691
20230807,31.67
20230808,31.81
20230809,31.75
20230810,31.762
20230811,31.798
20230814,31.924
20230815,31.935
20230816,31.895
20230817,31.974
20230818,31.942
20230821,31.965
20230822,31.938
20230823,31.926
20230824,31.795
20230825,31.85
20230828,31.874
20230829,31.884
20230830,31.856
20230831,31.854
20230901,31.861
20230904,31.88
20230905,31.895
20230906,31.967
20230907,31.995
20230908,32.008
20230911,31.98
20230912,32.032
20230913,31.968
20230914,31.91
20230915,31.928
20230918,31.978
20230919,32.002
20230920,32.022
20230921,32.112
20230922,32.126
20230923,32.122
20230925,32.148
20230926,32.228
20230927,32.245
20230928,32.268
20231002,32.237
20231003,32.328
20231004,32.325
20231005,32.261
20231006,32.207
20231011,32.122
20231012,32.125
20231013,32.219
20231016,32.279
20231017,32.295
20231018,32.29
20231019,32.323
20231020,32.32
20231023,32.348
20231024,32.316
20231025,32.341
20231026,32.43
20231027,32.425
20231030,32.425
20231031,32.419
20231101,32.484
20231102,32.361
20231103,32.303
20231106,32.143
20231107,32.197
20231108,32.248
20231109,32.258
20231110,32.352
20231113,32.332
20231114,32.33
20231115,32.108
20231116,32.01
20231117,31.856
20231120,31.658
20231121,31.448
20231122,31.595
20231123,31.545
20231124,31.628
20231127,31.57
20231128,31.468
20231129,31.25
20231130,31.26
20231201,31.475
20231204,31.415
20231205,31.493
20231206,31.505
20231207,31.529
20231208,31.374
20231211,31.512
20231212,31.509
20231213,31.526
20231214,31.33
20231215,31.268
20231218,31.314
20231219,31.361
20231220,31.31
20231221,31.282
20231222,31.203
20231225,31.14
20231226,31.065
20231227,30.88
20231228,30.718
20231229,30.735
20240102,30.866
20240103,31.01
20240104,31.016
20240105,31.025
20240108,31.001
20240109,31.023
20240110,31.14
20240111,31.103
20240112,31.129
20240115,31.215
20240116,31.392
20240117,31.589
20240118,31.571
20240119,31.44
20240122,31.352
20240123,31.328
20240124,31.345
20240125,31.315
20240126,31.305
20240129,31.253
20240130,31.162
20240131,31.301
20240201,31.338
20240202,31.243
20240205,31.375
20240206,31.338
20240207,31.358
20240215,31.425
20240216,31.364
20240217,31.37
20240219,31.395
20240220,31.492
20240221,31.525
20240222,31.519
20240223,31.555
20240226,31.55
20240227,31.57
20240229,31.577
20240301,31.606
20240304,31.53
20240305,31.565
20240306,31.575
20240307,31.536
20240308,31.438
20240311,31.414
20240312,31.412
20240313,31.46
20240314,31.497
20240315,31.593
20240318,31.659
20240319,31.772
20240320,31.868
20240321,31.832
20240322,31.958
20240325,31.865
20240326,31.896
20240327,31.998
20240328,31.988
20240329,31.99
20240401,31.979
20240402,32.076
20240403,32.057
20240408,32.095
20240409,32.098
20240410,32.02
20240411,32.211
20240412,32.293
20240415,32.378
20240416,32.49
20240417,32.478
20240418,32.376
20240419,32.512
20240422,32.636
20240423,32.593
20240424,32.528
20240425,32.578
20240426,32.56
20240429,32.558
20240430,32.542
20240502,32.496
20240503,32.376
20240506,32.347
20240507,32.37
20240508,32.408
20240509,32.46
20240510,32.413
20240513,32.411
20240514,32.415
20240515,32.312
20240516,32.12
20240517,32.206
20240520,32.236
20240521,32.294
20240522,32.275
20240523,32.246
20240524,32.258
20240527,32.187
20240528,32.168
20240529,32.298
20240530,32.441
20240531,32.42
20240603,32.396
20240604,32.394
20240605,32.348
20240606,32.28
20240607,32.25
20240611,32.395
20240612,32.386
20240613,32.33
20240614,32.35
20240617,32.385
20240618,32.397
20240619,32.358
20240620,32.328
20240621,32.369
20240624,32.395
20240625,32.443
20240626,32.554
20240627,32.53
20240628,32.45
20240701,32.546
20240702,32.627
20240703,32.632
20240704,32.48
20240705,32.475
20240708,32.493
20240709,32.54
20240710,32.586
20240711,32.506
20240712,32.561
20240715,32.572
20240716,32.625
20240717,32.616
20240718,32.605
20240719,32.73
20240722,32.848
20240723,32.838
20240726,32.831
20240729,32.87
20240730,32.846
20240731,32.836
20240801,32.762
20240802,32.817
20240805,32.639
20240806,32.688
20240807,32.681
20240808,32.593
20240809,32.44
20240812,32.46
20240813,32.47
20240814,32.304
20240815,32.301
20240816,32.288
20240819,32.03
20240820,31.993
20240821,31.938
20240822,31.966
20240823,31.976
20240826,31.817
20240827,31.93
20240828,31.95
20240829,31.903
20240830,31.94
20240902,32.021
20240903,32.062
20240904,32.188
20240905,32.071
20240906,31.926
20240909,32.09
20240910,32.173
20240911,32.105
20240912,32.128
20240913,31.992
20240916,31.91
20240918,31.94
20240919,31.932
20240920,31.962
20240923,32.033
20240924,31.966
20240925,31.84
20240926,31.845
20240927,31.688
20240930,31.651
20241001,31.837
20241004,31.963
20241007,32.131
20241008,32.22
20241009,32.16
20241011,32.182
20241014,32.168
20241015,32.18
20241016,32.175
20241017,32.168
20241018,32.083
20241021,31.985
20241022,32.058
20241023,32.088
20241024,32.085
20241025,32.071
20241028,32.09
20241029,32.101
20241030,32.031
20241101,31.968
20241104,31.961
20241105,31.968
20241106,32.175
20241107,32.24
20241108,32.115
20241111,32.251
20241112,32.425
20241113,32.45
20241114,32.546
20241115,32.466
20241118,32.531
20241119,32.42
20241120,32.494
20241121,32.545
20241122,32.593
20241125,32.485
20241126,32.51
20241127,32.534
20241128,32.521
20241129,32.457
20241202,32.598
20241203,32.536
20241204,32.448
20241205,32.438
20241206,32.408
20241209,32.47
20241210,32.44
20241211,32.51
20241212,32.488
20241213,32.508
20241216,32.485
20241217,32.515
20241218,32.481
20241219,32.668
20241220,32.691
20241223,32.688
20241224,32.67
20241225,32.668
20241226,32.696
20241227,32.72
20241230,32.717
20241231,32.781
20250102,32.868
20250103,32.917
20250106,32.862
20250107,32.739
20250108,32.883
20250109,32.94
20250110,32.964
20250113,33.119
20250114,32.971
20250115,33.065
20250116,32.928
20250117,32.926
20250120,32.808
20250121,32.765
20250122,32.774
20250123,32.77
20250124,32.682
20250203,32.968
20250204,32.985
20250205,32.838
20250206,32.826
20250207,32.754
20250208,32.786
20250210,32.839
20250211,32.835
20250212,32.861
20250213,32.802
20250214,32.77
20250217,32.695
20250218,32.765
20250219,32.748
20250220,32.791
20250221,32.745
20250224,32.71
20250225,32.795
20250226,32.79
20250227,32.82
20250303,32.917
20250304,32.913
20250305,32.816
20250306,32.854
20250307,32.834
20250310,32.92
20250311,32.884
20250312,32.962
20250313,32.961
20250314,32.954
20250317,33.005
20250318,32.997
20250319,33.043
20250320,33.007
20250321,32.988
20250324,33.038
20250325,33.085
20250326,33.097
20250327,33.103
20250328,33.097
20250331,33.182
20250401,33.196
20250402,33.088
20250407,33.055
20250408,33.007
20250409,33.002
20250410,32.868
20250411,32.705
20250414,32.51
20250415,32.516
20250416,32.52
20250417,32.531
20250418,32.608
20250421,32.46
20250422,32.498
20250423,32.492
20250424,32.529
20250425,32.526
20250428,32.465
20250429,32.229
20250430,32.017
20250502,31.064
20250505,30.145
20250506,30.28
20250507,30.295
20250508,30.303
20250509,30.308
20250512,30.316
20250513,30.455
20250514,30.284
20250515,30.189
20250516,30.172
20250519,30.205
20250520,30.179
20250521,30.158
20250522,30.07
20250523,30.023
20250526,29.935
20250527,29.953
20250528,29.91
20250529,29.929
20250602,29.988
20250603,30.005
20250604,29.952
20250605,29.922
20250606,29.931
20250609,29.948
20250610,29.955
20250611,29.92
20250612,29.66
20250613,29.668
20250616,29.52
20250617,29.535
20250618,29.542
20250619,29.621
20250620,29.529
20250623,29.734
20250624,29.536
20250625,29.391
20250626,29.165
20250627,29.18
20250630,29.902
20250701,29.185
20250702,29.019
20250703,28.828
20250704,28.931
20250707,29.048
20250708,29.068
20250709,29.15
20250710,29.24
20250711,29.205
20250714,29.296
20250715,29.302
20250716,29.416
20250717,29.412
20250718,29.406
20250721,29.415
20250722,29.452
20250723,29.362
20250724,29.402
20250725,29.46
20250728,29.523
20250729,29.706
20250730,29.719
20250731,29.916
20250801,30.025
20250804,29.918
20250805,29.927
20250806,29.99
20250807,29.82
20250808,29.855
20250811,29.916
20250812,30.026
20250813,29.96
20250814,29.988
20250815,30.01
20250818,30.056
20250819,30.12
20250820,30.308
20250821,30.505
20250822,30.585
20250825,30.45
20250826,30.555
20250827,30.582
20250828,30.588
20250829,30.605
20250901,30.63
20250902,30.678
20250903,30.728
20250904,30.704
20250905,30.615
20250908,30.522
20250909,30.38
20250910,30.31
20250911,30.344
20250912,30.246
20250915,30.228
20250916,30.101
20250917,30.065
20250918,30.107
20250919,30.22
20250922,30.251
20250923,30.294
20250924,30.321
20250925,30.438
20250926,30.545
20250930,30.469
20251001,30.45
20251002,30.415
20251003,30.418
20251007,30.52
20251008,30.535
20251009,30.545
20251013,30.696
20251014,30.761
20251015,30.656
20251016,30.665
20251017,30.686
20251020,30.65
20251021,30.691
20251022,30.731
20251023,30.815
20251027,30.719
20251028,30.626
